INSERT INTO roles (rolename) VALUES ('ADMIN'), ('TANDARTS'), ('PATIENT');

INSERT INTO treatments (id, treatment_code, treatment_description, treatment_rate) VALUES (1001, 'C11', 'Periodieke controle', 22.91);
INSERT INTO treatments (id, treatment_code, treatment_description, treatment_rate) VALUES (1002, 'C13', 'Probleemgericht consult', 22.91);
INSERT INTO treatments (id, treatment_code, treatment_description, treatment_rate) VALUES (1003, 'C91', 'Pocketregistratie', 36.18);
INSERT INTO treatments (id, treatment_code, treatment_description, treatment_rate) VALUES (1004, 'C92', 'Parodontiumregistratie', 72.35);
INSERT INTO treatments (id, treatment_code, treatment_description, treatment_rate) VALUES (1005, 'C22', 'Aanvullende medische anamnese na (schriftelijke) routinevragen', 22.91);
INSERT INTO treatments (id, treatment_code, treatment_description, treatment_rate) VALUES (1006, 'C28', 'Uitgebreid onderzoek t.b.v. opstellen. vastleggen en verstrekken van behandelplan aan de patiënt', 108.53);
INSERT INTO treatments (id, treatment_code, treatment_description, treatment_rate) VALUES (1007, 'C29', 'Studiemodellen t.b.v. behandelplan', 30.15);
INSERT INTO treatments (id, treatment_code, treatment_description, treatment_rate) VALUES (1008, 'C65', 'Planmatig beslijpen van alle voortanden. per boven- of onderkaak', 60.29);
INSERT INTO treatments (id, treatment_code, treatment_description, treatment_rate) VALUES (1009, 'X10', 'Maken en beoordelen kleine röntgenfoto', 16.88);
INSERT INTO treatments (id, treatment_code, treatment_description, treatment_rate) VALUES (1010, 'X11', 'Beoordelen kleine röntgenfoto', 12.66);
INSERT INTO treatments (id, treatment_code, treatment_description, treatment_rate) VALUES (1011, 'X21', 'Maken en beoordelen kaakoverzichtsfoto', 72.35);
INSERT INTO treatments (id, treatment_code, treatment_description, treatment_rate) VALUES (1012, 'X22', 'Maken en beoordelen kaakoverzichtsfoto t.b.v. implantologie in de tandeloze kaak', 72.35);
INSERT INTO treatments (id, treatment_code, treatment_description, treatment_rate) VALUES (1013, 'X23', 'Beoordelen kaakoverzichtsfoto', 26.53);
INSERT INTO treatments (id, treatment_code, treatment_description, treatment_rate) VALUES (1014, 'X24', 'Maken en beoordelen schedelfoto', 32.56);
INSERT INTO treatments (id, treatment_code, treatment_description, treatment_rate) VALUES (1015, 'X34', 'Beoordelen schedelfoto', 24.12);
INSERT INTO treatments (id, treatment_code, treatment_description, treatment_rate) VALUES (1016, 'X25', 'Maken en beoordelen meerdimensionale kaakfoto', 204.99);
INSERT INTO treatments (id, treatment_code, treatment_description, treatment_rate) VALUES (1017, 'X26', 'Beoordelen meerdimensionale kaakfoto', 60.29);
INSERT INTO treatments (id, treatment_code, treatment_description, treatment_rate) VALUES (1018, 'M01', 'Preventieve voorlichting en/of instructie. per vijf minuten', 13.52);
INSERT INTO treatments (id, treatment_code, treatment_description, treatment_rate) VALUES (1019, 'M02', 'Consult voor evaluatie van preventie. per vijf minuten', 13.52);
INSERT INTO treatments (id, treatment_code, treatment_description, treatment_rate) VALUES (1020, 'M03', 'Gebitsreiniging. per vijf minuten', 13.52);
INSERT INTO treatments (id, treatment_code, treatment_description, treatment_rate) VALUES (1021, 'M05', 'Niet-restauratieve behandeling van cariës in het melkgebit', 27.13);
INSERT INTO treatments (id, treatment_code, treatment_description, treatment_rate) VALUES (1022, 'M32', 'Eenvoudig bacteriologisch- of enzymatisch onderzoek', 18.09);
INSERT INTO treatments (id, treatment_code, treatment_description, treatment_rate) VALUES (1023, 'M30', 'Behandeling van gevoelige tandhalzen en (preventief) toedienen medicament', 6.03);
INSERT INTO treatments (id, treatment_code, treatment_description, treatment_rate) VALUES (1024, 'M40', 'Fluoridebehandeling', 15.07);
INSERT INTO treatments (id, treatment_code, treatment_description, treatment_rate) VALUES (1025, 'M61', 'Mondbeschermer', 27.13);
INSERT INTO treatments (id, treatment_code, treatment_description, treatment_rate) VALUES (1026, 'M80', 'Behandeling van witte vlekken. eerste element', 52.45);
INSERT INTO treatments (id, treatment_code, treatment_description, treatment_rate) VALUES (1027, 'M81', 'Behandeling van witte vlekken. volgend element', 28.94);
INSERT INTO treatments (id, treatment_code, treatment_description, treatment_rate) VALUES (1028, 'A15', 'Oppervlakte verdoving', 7.84);
INSERT INTO treatments (id, treatment_code, treatment_description, treatment_rate) VALUES (1029, 'A10', 'Geleidings-. infiltratie- en/of intraligamentaire verdoving', 15.07);
INSERT INTO treatments (id, treatment_code, treatment_description, treatment_rate) VALUES (1030, 'B10', 'Introductie roesje (lachgassedatie)', 30.15);
INSERT INTO treatments (id, treatment_code, treatment_description, treatment_rate) VALUES (1031, 'B11', 'Toediening roesje (lachgassedatie)', 30.15);
INSERT INTO treatments (id, treatment_code, treatment_description, treatment_rate) VALUES (1032, 'B12', 'Overheadkosten roesje (lachgassedatie)', 37.38);
INSERT INTO treatments (id, treatment_code, treatment_description, treatment_rate) VALUES (1033, 'V71', 'Eénvlaksvulling amalgaam', 25.32);
INSERT INTO treatments (id, treatment_code, treatment_description, treatment_rate) VALUES (1034, 'V72', 'Tweevlaksvulling amalgaam', 40.4);
INSERT INTO treatments (id, treatment_code, treatment_description, treatment_rate) VALUES (1035, 'V73', 'Drievlaksvulling amalgaam', 52.45);
INSERT INTO treatments (id, treatment_code, treatment_description, treatment_rate) VALUES (1036, 'V74', 'Meervlaksvulling amalgaam', 73.56);
INSERT INTO treatments (id, treatment_code, treatment_description, treatment_rate) VALUES (1037, 'H11', 'Trekken tand of kies', 45.22);
INSERT INTO treatments (id, treatment_code, treatment_description, treatment_rate) VALUES (1038, 'H16', 'Trekken volgende tand of kies. in dezelfde zitting en hetzelfde kwadrant', 33.76);
INSERT INTO treatments (id, treatment_code, treatment_description, treatment_rate) VALUES (1039, 'H21', 'Kosten hechtmateriaal', 6.18);
INSERT INTO treatments (id, treatment_code, treatment_description, treatment_rate) VALUES (1040, 'H26', 'Hechten weke delen', 66.32);
INSERT INTO treatments (id, treatment_code, treatment_description, treatment_rate) VALUES (1041, 'H50', 'Terugzetten/ terugplaatsen tand of kies. eerste element exclusief wortelkanaalbehandeling', 60.29);
INSERT INTO treatments (id, treatment_code, treatment_description, treatment_rate) VALUES (1042, 'H90', 'Voorbereiding praktijkruimte ten behoeve van chirurgische verrichtingen vallend onder onderdeel B', 60.29);
INSERT INTO treatments (id, treatment_code, treatment_description, treatment_rate) VALUES (1043, 'H33', 'Hemisectie van een molaar', 72.35);
INSERT INTO treatments (id, treatment_code, treatment_description, treatment_rate) VALUES (1044, 'H35', 'Moeizaam trekken tand of kies. met mucoperiostale opklap', 72.35);


INSERT INTO appointments (id, name_dentist, surname_dentist, appointment_date_time) VALUES (1001, 'Piet', 'Janssen', '2023-03-15T14:30');
INSERT INTO appointments (id, name_dentist, surname_dentist, appointment_date_time) VALUES (1002, 'Piet', 'Janssen', '2023-03-15T13:30');
INSERT INTO appointments (id, name_dentist, surname_dentist, appointment_date_time) VALUES (1003, 'Piet', 'Janssen', '2023-03-15T15:30');
INSERT INTO appointments (id, name_dentist, surname_dentist, appointment_date_time) VALUES (1004, 'Piet', 'Janssen', '2023-03-15T15:45');
INSERT INTO appointments (id, name_dentist, surname_dentist, appointment_date_time) VALUES (1005, 'Piet', 'Janssen', '2023-03-15T16:00');
INSERT INTO appointments (id, name_dentist, surname_dentist, appointment_date_time) VALUES (1006, 'Piet', 'Janssen', '2023-03-16T08:00');
INSERT INTO appointments (id, name_dentist, surname_dentist, appointment_date_time) VALUES (1007, 'Annette', 'Huis', '2023-03-15T08:00');
INSERT INTO appointments (id, name_dentist, surname_dentist, appointment_date_time) VALUES (1008, 'Annette', 'Huis', '2023-03-15T08:30');
INSERT INTO appointments (id, name_dentist, surname_dentist, appointment_date_time) VALUES (1009, 'Annette', 'Huis', '2023-03-15T09:45');
INSERT INTO appointments (id, name_dentist, surname_dentist, appointment_date_time) VALUES (1010, 'Annette', 'Huis', '2023-03-15T10:30');
INSERT INTO appointments (id, name_dentist, surname_dentist, appointment_date_time) VALUES (1011, 'Annette', 'Huis', '2023-03-15T11:30');
INSERT INTO appointments (id, name_dentist, surname_dentist, appointment_date_time) VALUES (1012, 'Annette', 'Huis', '2023-03-17T15:30');
INSERT INTO appointments (id, name_dentist, surname_dentist, appointment_date_time) VALUES (1013, 'Femke', 'Mittelberg', '2023-03-15T11:00');
INSERT INTO appointments (id, name_dentist, surname_dentist, appointment_date_time) VALUES (1014, 'Femke', 'Mittelberg', '2023-03-15T13:30');
INSERT INTO appointments (id, name_dentist, surname_dentist, appointment_date_time) VALUES (1015, 'Femke', 'Mittelberg', '2023-03-15T15:30');
INSERT INTO appointments (id, name_dentist, surname_dentist, appointment_date_time) VALUES (1016, 'Femke', 'Mittelberg', '2023-03-18T09:30');
INSERT INTO appointments (id, name_dentist, surname_dentist, appointment_date_time) VALUES (1017, 'Femke', 'Mittelberg', '2023-03-15T11:30');
INSERT INTO appointments (id, name_dentist, surname_dentist, appointment_date_time) VALUES (1018, 'Femke', 'Mittelberg', '2023-03-15T15:15');
INSERT INTO appointments (id, name_dentist, surname_dentist, appointment_date_time) VALUES (1019, 'Piet', 'Janssen', '2022-10-15T14:30');
INSERT INTO appointments (id, name_dentist, surname_dentist, appointment_date_time) VALUES (1020, 'Piet', 'Janssen', '2022-10-15T13:30');
INSERT INTO appointments (id, name_dentist, surname_dentist, appointment_date_time) VALUES (1021, 'Piet', 'Janssen', '2022-10-15T15:30');
INSERT INTO appointments (id, name_dentist, surname_dentist, appointment_date_time) VALUES (1022, 'Piet', 'Janssen', '2022-10-15T15:45');
INSERT INTO appointments (id, name_dentist, surname_dentist, appointment_date_time) VALUES (1023, 'Piet', 'Janssen', '2022-10-15T16:00');
INSERT INTO appointments (id, name_dentist, surname_dentist, appointment_date_time) VALUES (1024, 'Piet', 'Janssen', '2022-10-16T08:00');
INSERT INTO appointments (id, name_dentist, surname_dentist, appointment_date_time) VALUES (1025, 'Annette', 'Huis', '2022-10-15T08:00');
INSERT INTO appointments (id, name_dentist, surname_dentist, appointment_date_time) VALUES (1026, 'Annette', 'Huis', '2022-10-15T08:30');
INSERT INTO appointments (id, name_dentist, surname_dentist, appointment_date_time) VALUES (1027, 'Annette', 'Huis', '2022-10-15T09:45');
INSERT INTO appointments (id, name_dentist, surname_dentist, appointment_date_time) VALUES (1028, 'Annette', 'Huis', '2022-10-15T10:30');
INSERT INTO appointments (id, name_dentist, surname_dentist, appointment_date_time) VALUES (1029, 'Annette', 'Huis', '2022-10-15T11:30');
INSERT INTO appointments (id, name_dentist, surname_dentist, appointment_date_time) VALUES (1030, 'Annette', 'Huis', '2022-10-17T15:30');
INSERT INTO appointments (id, name_dentist, surname_dentist, appointment_date_time) VALUES (1031, 'Femke', 'Mittelberg', '2022-10-25T11:00');
INSERT INTO appointments (id, name_dentist, surname_dentist, appointment_date_time) VALUES (1032, 'Femke', 'Mittelberg', '2022-10-25T13:30');
INSERT INTO appointments (id, name_dentist, surname_dentist, appointment_date_time) VALUES (1033, 'Femke', 'Mittelberg', '2022-10-25T15:30');
INSERT INTO appointments (id, name_dentist, surname_dentist, appointment_date_time) VALUES (1034, 'Femke', 'Mittelberg', '2022-10-25T09:30');
INSERT INTO appointments (id, name_dentist, surname_dentist, appointment_date_time) VALUES (1035, 'Femke', 'Mittelberg', '2022-10-25T11:30');
INSERT INTO appointments (id, name_dentist, surname_dentist, appointment_date_time) VALUES (1036, 'Femke', 'Mittelberg', '2022-10-25T15:15');

INSERT INTO patients (id, name_patient, surname_patient, dob, zip_code, home_number, email, phone_number, reimburse_by_insurance_percentage) VALUES (1001, 'Milo', 'Verhoeven', '2000-12-14', '1334JK', 10, 'testemail1 @gmail.com', '0525821298', 80);
INSERT INTO patients (id, name_patient, surname_patient, dob, zip_code, home_number, email, phone_number, reimburse_by_insurance_percentage) VALUES (1002, 'Tijs', 'Groen', '1997-01-12', '1335JK', 11, 'testemail2@gmail.com', '0525415679', 80);
INSERT INTO patients (id, name_patient, surname_patient, dob, zip_code, home_number, email, phone_number, reimburse_by_insurance_percentage) VALUES (1003, 'Sofia', 'Meulen', '1958-08-05', '1336JK', 12, 'testemail3@gmail.com', '0625375975', 80);
INSERT INTO patients (id, name_patient, surname_patient, dob, zip_code, home_number, email, phone_number, reimburse_by_insurance_percentage) VALUES (1004, 'Floris', 'Koster', '1965-11-11', '1337JK', 13, 'testemail4@gmail.com', '0624634775', 80);
INSERT INTO patients (id, name_patient, surname_patient, dob, zip_code, home_number, email, phone_number, reimburse_by_insurance_percentage) VALUES (1005, 'Beau', 'Velde', '1999-03-26', '1338JK', 14, 'testemail5@gmail.com', '0620489759', 80);
INSERT INTO patients (id, name_patient, surname_patient, dob, zip_code, home_number, email, phone_number, reimburse_by_insurance_percentage) VALUES (1006, 'Pepijn', 'Leeuw', '2006-01-01', '1339JK', 15, 'testemail6@gmail.com', '0622685648', 80);
INSERT INTO patients (id, name_patient, surname_patient, dob, zip_code, home_number, email, phone_number, reimburse_by_insurance_percentage) VALUES (1007, 'Jan', 'Dijk', '2000-05-12', '1340JK', 16, 'testemail7@gmail.com', '0654549235', 80);
INSERT INTO patients (id, name_patient, surname_patient, dob, zip_code, home_number, email, phone_number, reimburse_by_insurance_percentage) VALUES (1008, 'Wout', 'Jonge', '1994-12-13', '1341JK', 17, 'testemail8@gmail.com', '0644983379', 80);
INSERT INTO patients (id, name_patient, surname_patient, dob, zip_code, home_number, email, phone_number, reimburse_by_insurance_percentage) VALUES (1009, 'Natalia', 'Staples', '1978-10-16', '1342JK', 18, 'testemail9@gmail.com', '0625197305', 80);
INSERT INTO patients (id, name_patient, surname_patient, dob, zip_code, home_number, email, phone_number, reimburse_by_insurance_percentage) VALUES (1010, 'Annette', 'Velde', '1964-04-30', '1343JK', 19, 'testemail10@gmail.com', '0625478795', 80);
INSERT INTO patients (id, name_patient, surname_patient, dob, zip_code, home_number, email, phone_number, reimburse_by_insurance_percentage) VALUES (1011, 'Remco', 'Bruijn', '1974-01-31', '1344JK', 20, 'testemail11@gmail.com', '0624649830', 80);
INSERT INTO patients (id, name_patient, surname_patient, dob, zip_code, home_number, email, phone_number, reimburse_by_insurance_percentage) VALUES (1012, 'Lars', 'Maas', '1966-06-07', '1345JK', 21, 'testemail12@gmail.com', '0625494592', 80);
INSERT INTO patients (id, name_patient, surname_patient, dob, zip_code, home_number, email, phone_number, reimburse_by_insurance_percentage) VALUES (1013, 'Finley', 'Veen', '1999-08-15', '1346JK', 22, 'testemail13@gmail.com', '0209134832', 80);
INSERT INTO patients (id, name_patient, surname_patient, dob, zip_code, home_number, email, phone_number, reimburse_by_insurance_percentage) VALUES (1014, 'Anastasia', 'Scholten', '1994-09-09', '1347JK', 23, 'testemail14@gmail.com', '0625199432', 80);
INSERT INTO patients (id, name_patient, surname_patient, dob, zip_code, home_number, email, phone_number, reimburse_by_insurance_percentage) VALUES (1015, 'Jan', 'Heuvel', '1998-05-01', '1348JK', 24, 'testemail15@gmail.com', '0624573757', 80);
INSERT INTO patients (id, name_patient, surname_patient, dob, zip_code, home_number, email, phone_number, reimburse_by_insurance_percentage) VALUES (1016, 'Mike', 'Buijn', '1998-05-02', '1349JK', 25, 'testemail16@gmail.com', '0623474328', 80);
INSERT INTO patients (id, name_patient, surname_patient, dob, zip_code, home_number, email, phone_number, reimburse_by_insurance_percentage) VALUES (1017, 'Marieke', 'Kramer', '1998-06-01', '1350JK', 26, 'testemail17@gmail.com', '0646519233', 100);
INSERT INTO patients (id, name_patient, surname_patient, dob, zip_code, home_number, email, phone_number, reimburse_by_insurance_percentage) VALUES (1018, 'Renco', 'Vermeulen', '1998-05-31', '1351JK', 27, 'testemail18@gmail.com', '0622542788', 100);
INSERT INTO patients (id, name_patient, surname_patient, dob, zip_code, home_number, email, phone_number, reimburse_by_insurance_percentage) VALUES (1019, 'Onno', 'Visser', '1998-05-30', '1352JK', 28, 'testemail19@gmail.com', '0624252992', 100);
INSERT INTO patients (id, name_patient, surname_patient, dob, zip_code, home_number, email, phone_number, reimburse_by_insurance_percentage) VALUES (1020, 'Dirk', 'Kuiper', '2001-12-15', '1353JK', 29, 'testemail20@gmail.com', '0622132016', 100);
INSERT INTO patients (id, name_patient, surname_patient, dob, zip_code, home_number, email, phone_number, reimburse_by_insurance_percentage) VALUES (1021, 'Stefanie', 'Haan', '1988-10-20', '1354JK', 30, 'testemail21@gmail.com', '0625912618', 100);
INSERT INTO patients (id, name_patient, surname_patient, dob, zip_code, home_number, email, phone_number, reimburse_by_insurance_percentage) VALUES (1022, 'Mustafa', 'Hofman', '1991-05-08', '1355JK', 31, 'testemail22@gmail.com', '0622611036', 100);
INSERT INTO patients (id, name_patient, surname_patient, dob, zip_code, home_number, email, phone_number, reimburse_by_insurance_percentage) VALUES (1023, 'Ravi', 'Jonker', '1954-10-27', '1356JK', 32, 'testemail23@gmail.com', '0627753286', 100);
INSERT INTO patients (id, name_patient, surname_patient, dob, zip_code, home_number, email, phone_number, reimburse_by_insurance_percentage) VALUES (1024, 'Ben', 'Doorn', '1959-06-28', '1357JK', 33, 'testemail24@gmail.com', '0651894139', 100);
INSERT INTO patients (id, name_patient, surname_patient, dob, zip_code, home_number, email, phone_number, reimburse_by_insurance_percentage) VALUES (1025, 'Ronald', 'Bosch', '1967-06-09', '1358JK', 34, 'testemail25@gmail.com', '0625591379', 100);
INSERT INTO patients (id, name_patient, surname_patient, dob, zip_code, home_number, email, phone_number, reimburse_by_insurance_percentage) VALUES (1026, 'Anton', 'Dijkstra', '2008-09-30', '1359JK', 35, 'testemail26@gmail.com', '0628949136', 100);
INSERT INTO patients (id, name_patient, surname_patient, dob, zip_code, home_number, email, phone_number, reimburse_by_insurance_percentage) VALUES (1027, 'Mark', 'Evers', '1975-06-28', '1360JK', 36, 'testemail27@gmail.com', '0625448112', 100);
INSERT INTO patients (id, name_patient, surname_patient, dob, zip_code, home_number, email, phone_number, reimburse_by_insurance_percentage) VALUES (1028, 'Mireille', 'Schipper', '1983-08-11', '1361JK', 37, 'testemail28@gmail.com', '0625159153', 100);
INSERT INTO patients (id, name_patient, surname_patient, dob, zip_code, home_number, email, phone_number, reimburse_by_insurance_percentage) VALUES (1029, 'Joep', 'Hendriks', '1989-03-01', '1362JK', 38, 'testemail29@gmail.com', '0625494387', 100);
INSERT INTO patients (id, name_patient, surname_patient, dob, zip_code, home_number, email, phone_number, reimburse_by_insurance_percentage) VALUES (1030, 'Rosalie', 'Verhoeven', '1998-09-09', '1363JK', 39, 'testemail30@gmail.com', '0659411547', 100);
INSERT INTO patients (id, name_patient, surname_patient, dob, zip_code, home_number, email, phone_number, reimburse_by_insurance_percentage) VALUES (1031, 'Sander', 'Vos', '1958-02-06', '1364JK', 40, 'testemail31@gmail.com', '0655128482', 100);
INSERT INTO patients (id, name_patient, surname_patient, dob, zip_code, home_number, email, phone_number, reimburse_by_insurance_percentage) VALUES (1032, 'Ronald', 'Vermeulen', '1946-03-27', '1365JK', 41, 'testemail32@gmail.com', '0625191369', 100);
INSERT INTO patients (id, name_patient, surname_patient, dob, zip_code, home_number, email, phone_number, reimburse_by_insurance_percentage) VALUES (1033, 'Annie', 'Meijer', '1948-11-13', '1366JK', 42, 'testemail33@gmail.com', '0625519522', 100);
INSERT INTO patients (id, name_patient, surname_patient, dob, zip_code, home_number, email, phone_number, reimburse_by_insurance_percentage) VALUES (1034, 'Marloes', 'Mulder', '1997-06-28', '1367JK', 43, 'testemail34@gmail.com', '0626159134', 100);
INSERT INTO patients (id, name_patient, surname_patient, dob, zip_code, home_number, email, phone_number, reimburse_by_insurance_percentage) VALUES (1035, 'Anton', 'Mulder', '1973-12-06', '1368JK', 44, 'testemail35@gmail.com', '0624815943', 100);
INSERT INTO patients (id, name_patient, surname_patient, dob, zip_code, home_number, email, phone_number, reimburse_by_insurance_percentage) VALUES (1036, 'Wendy', 'Peeters', '1968-01-08', '1369JK', 45, 'testemail36@gmail.com', '0624466630', 100);
INSERT INTO patients (id, name_patient, surname_patient, dob, zip_code, home_number, email, phone_number, reimburse_by_insurance_percentage) VALUES (1037, 'Ronald', 'Kuiper', '1990-08-24', '1370JK', 46, 'testemail37@gmail.com', '0627313248', 100);
INSERT INTO patients (id, name_patient, surname_patient, dob, zip_code, home_number, email, phone_number, reimburse_by_insurance_percentage) VALUES (1038, 'Olena', 'Koning', '1991-06-07', '1371JK', 47, 'testemail38@gmail.com', '0651491325', 100);
INSERT INTO patients (id, name_patient, surname_patient, dob, zip_code, home_number, email, phone_number, reimburse_by_insurance_percentage) VALUES (1039, 'Frans', 'Schipper', '1945-05-27', '1372JK', 48, 'testemail39@gmail.com', '0201589135', 100);
INSERT INTO patients (id, name_patient, surname_patient, dob, zip_code, home_number, email, phone_number, reimburse_by_insurance_percentage) VALUES (1040, 'Kelly', 'Hermans', '1967-07-23', '1373JK', 49, 'testemail40@gmail.com', '0621548157', 80);
INSERT INTO patients (id, name_patient, surname_patient, dob, zip_code, home_number, email, phone_number, reimburse_by_insurance_percentage) VALUES (1041, 'Fin', 'Peeters', '1977-11-23', '1374JK', 50, 'testemail41@gmail.com', '0655497963', 80);
INSERT INTO patients (id, name_patient, surname_patient, dob, zip_code, home_number, email, phone_number, reimburse_by_insurance_percentage) VALUES (1042, 'Pierre', 'Peeters', '1997-04-23', '1375JK', 51, 'testemail42@gmail.com', '0623494349', 80);
INSERT INTO patients (id, name_patient, surname_patient, dob, zip_code, home_number, email, phone_number, reimburse_by_insurance_percentage) VALUES (1043, 'Jan', 'Doorn', '1994-07-29', '1376JK', 52, 'testemail43@gmail.com', '0621475278', 80);
INSERT INTO patients (id, name_patient, surname_patient, dob, zip_code, home_number, email, phone_number, reimburse_by_insurance_percentage) VALUES (1044, 'Cornelia', 'Bos', '2002-03-01', '1377JK', 53, 'testemail44@gmail.com', '0626410515', 80);
INSERT INTO patients (id, name_patient, surname_patient, dob, zip_code, home_number, email, phone_number, reimburse_by_insurance_percentage) VALUES (1045, 'Leo', 'Broek', '1995-08-26', '1378JK', 54, 'testemail45@gmail.com', '0644560508', 0);
INSERT INTO patients (id, name_patient, surname_patient, dob, zip_code, home_number, email, phone_number, reimburse_by_insurance_percentage) VALUES (1046, 'Wendy', 'Timmermans', '1971-10-17', '1379JK', 55, 'testemail46@gmail.com', '0621590580', 0);
INSERT INTO patients (id, name_patient, surname_patient, dob, zip_code, home_number, email, phone_number, reimburse_by_insurance_percentage) VALUES (1047, 'Jo', 'Hermans', '1979-11-01', '1380JK', 56, 'testemail47@gmail.com', '0621590950', 0);
INSERT INTO patients (id, name_patient, surname_patient, dob, zip_code, home_number, email, phone_number, reimburse_by_insurance_percentage) VALUES (1048, 'Leonie', 'Dekker', '1949-12-05', '1381JK', 57, 'testemail48@gmail.com', '0628908905', 0);
INSERT INTO patients (id, name_patient, surname_patient, dob, zip_code, home_number, email, phone_number, reimburse_by_insurance_percentage) VALUES (1049, 'Samara', 'Dongen', '1994-05-19', '1382JK', 58, 'testemail49@gmail.com', '0205090483', 0);

INSERT INTO treatment_rooms (id, room_number, room_color) VALUES (1001, 1, 'geel');
INSERT INTO treatment_rooms (id, room_number, room_color) VALUES (1002, 2, 'groen');
INSERT INTO treatment_rooms (id, room_number, room_color) VALUES (1003, 3, 'groen');
INSERT INTO treatment_rooms (id, room_number, room_color) VALUES (1004, 4, 'geel');
INSERT INTO treatment_rooms (id, room_number, room_color) VALUES (1005, 5, 'blauw');
INSERT INTO treatment_rooms (id, room_number, room_color) VALUES (1006, 6, 'blauw');
INSERT INTO treatment_rooms (id, room_number, room_color) VALUES (1007, 7, 'groen');
INSERT INTO treatment_rooms (id, room_number, room_color) VALUES (1008, 8, 'geel');
INSERT INTO treatment_rooms (id, room_number, room_color) VALUES (1009, 9, 'blauw');
INSERT INTO treatment_rooms (id, room_number, room_color) VALUES (1010, 10, 'blauw');

INSERT INTO invoices (id, name_dental_practice, zip_code_dental_practice, house_number_dental_practice, phone_number_dental_practice, email_dental_practice, iban_dental_practice, chamber_of_commerce_number, invoice_date, invoice_number, total_invoice_amount, total_reimbursed_by_insurance_company_amount, total_invoice_amount_to_pay_by_patient) VALUES (1001, 'Haaientanden B.V.', '1234AB', 22, '1724654985', 'info@haaientanden.nl', 'NL68ABNA0390075470', '1235467', '2022-10-16', 1000001, 256.89, 205.51, 51.38);
INSERT INTO invoices (id, name_dental_practice, zip_code_dental_practice, house_number_dental_practice, phone_number_dental_practice, email_dental_practice, iban_dental_practice, chamber_of_commerce_number, invoice_date, invoice_number, total_invoice_amount, total_reimbursed_by_insurance_company_amount, total_invoice_amount_to_pay_by_patient) VALUES (1002, 'Haaientanden B.V.', '1234AB', 22, '1724654985', 'info@haaientanden.nl', 'NL68ABNA0390075470', '1235467', '2022-10-16', 1000002, 57.18, 45.74, 11.44);
INSERT INTO invoices (id, name_dental_practice, zip_code_dental_practice, house_number_dental_practice, phone_number_dental_practice, email_dental_practice, iban_dental_practice, chamber_of_commerce_number, invoice_date, invoice_number, total_invoice_amount, total_reimbursed_by_insurance_company_amount, total_invoice_amount_to_pay_by_patient) VALUES (1003, 'Haaientanden B.V.', '1234AB', 22, '1724654985', 'info@haaientanden.nl', 'NL68ABNA0390075470', '1235467', '2022-10-16', 1000003, 69.24, 0.00, 69.24);
INSERT INTO invoices (id, name_dental_practice, zip_code_dental_practice, house_number_dental_practice, phone_number_dental_practice, email_dental_practice, iban_dental_practice, chamber_of_commerce_number, invoice_date, invoice_number, total_invoice_amount, total_reimbursed_by_insurance_company_amount, total_invoice_amount_to_pay_by_patient) VALUES (1004, 'Haaientanden B.V.', '1234AB', 22, '1724654985', 'info@haaientanden.nl', 'NL68ABNA0390075470', '1235467', '2022-10-16', 1000004, 189.54, 151.63, 37.91);
INSERT INTO invoices (id, name_dental_practice, zip_code_dental_practice, house_number_dental_practice, phone_number_dental_practice, email_dental_practice, iban_dental_practice, chamber_of_commerce_number, invoice_date, invoice_number, total_invoice_amount, total_reimbursed_by_insurance_company_amount, total_invoice_amount_to_pay_by_patient) VALUES (1005, 'Haaientanden B.V.', '1234AB', 22, '1724654985', 'info@haaientanden.nl', 'NL68ABNA0390075470', '1235467', '2022-10-16', 1000005, 142.54, 142.54, 0.00);
INSERT INTO invoices (id, name_dental_practice, zip_code_dental_practice, house_number_dental_practice, phone_number_dental_practice, email_dental_practice, iban_dental_practice, chamber_of_commerce_number, invoice_date, invoice_number, total_invoice_amount, total_reimbursed_by_insurance_company_amount, total_invoice_amount_to_pay_by_patient) VALUES (1006, 'Haaientanden B.V.', '1234AB', 22, '1724654985', 'info@haaientanden.nl', 'NL68ABNA0390075470', '1235467', '2022-10-16', 1000006, 89.55, 89.55, 0.00);
INSERT INTO invoices (id, name_dental_practice, zip_code_dental_practice, house_number_dental_practice, phone_number_dental_practice, email_dental_practice, iban_dental_practice, chamber_of_commerce_number, invoice_date, invoice_number, total_invoice_amount, total_reimbursed_by_insurance_company_amount, total_invoice_amount_to_pay_by_patient) VALUES (1007, 'Haaientanden B.V.', '1234AB', 22, '1724654985', 'info@haaientanden.nl', 'NL68ABNA0390075470', '1235467', '2022-10-16', 1000007, 113.56, 90.85, 22.71);
INSERT INTO invoices (id, name_dental_practice, zip_code_dental_practice, house_number_dental_practice, phone_number_dental_practice, email_dental_practice, iban_dental_practice, chamber_of_commerce_number, invoice_date, invoice_number, total_invoice_amount, total_reimbursed_by_insurance_company_amount, total_invoice_amount_to_pay_by_patient) VALUES (1008, 'Haaientanden B.V.', '1234AB', 22, '1724654985', 'info@haaientanden.nl', 'NL68ABNA0390075470', '1235467', '2022-10-16', 1000008, 92.31, 0.00, 92.31);
INSERT INTO invoices (id, name_dental_practice, zip_code_dental_practice, house_number_dental_practice, phone_number_dental_practice, email_dental_practice, iban_dental_practice, chamber_of_commerce_number, invoice_date, invoice_number, total_invoice_amount, total_reimbursed_by_insurance_company_amount, total_invoice_amount_to_pay_by_patient) VALUES (1010, 'Haaientanden B.V.', '1234AB', 22, '1724654985', 'info@haaientanden.nl', 'NL68ABNA0390075470', '1235467', '2022-10-16', 1000010, 66.46, 53.17, 13.29);
INSERT INTO invoices (id, name_dental_practice, zip_code_dental_practice, house_number_dental_practice, phone_number_dental_practice, email_dental_practice, iban_dental_practice, chamber_of_commerce_number, invoice_date, invoice_number, total_invoice_amount, total_reimbursed_by_insurance_company_amount, total_invoice_amount_to_pay_by_patient) VALUES (1011, 'Haaientanden B.V.', '1234AB', 22, '1724654985', 'info@haaientanden.nl', 'NL68ABNA0390075470', '1235467', '2022-10-17', 1000011, 68.94, 0.00, 68.94);
INSERT INTO invoices (id, name_dental_practice, zip_code_dental_practice, house_number_dental_practice, phone_number_dental_practice, email_dental_practice, iban_dental_practice, chamber_of_commerce_number, invoice_date, invoice_number, total_invoice_amount, total_reimbursed_by_insurance_company_amount, total_invoice_amount_to_pay_by_patient) VALUES (1012, 'Haaientanden B.V.', '1234AB', 22, '1724654985', 'info@haaientanden.nl', 'NL68ABNA0390075470', '1235467', '2022-10-18', 1000012, 137.89, 0.00, 137.89);
INSERT INTO invoices (id, name_dental_practice, zip_code_dental_practice, house_number_dental_practice, phone_number_dental_practice, email_dental_practice, iban_dental_practice, chamber_of_commerce_number, invoice_date, invoice_number, total_invoice_amount, total_reimbursed_by_insurance_company_amount, total_invoice_amount_to_pay_by_patient) VALUES (1013, 'Haaientanden B.V.', '1234AB', 22, '1724654985', 'info@haaientanden.nl', 'NL68ABNA0390075470', '1235467', '2022-10-26', 1000013, 164.65, 107.72, 26.93);
INSERT INTO invoices (id, name_dental_practice, zip_code_dental_practice, house_number_dental_practice, phone_number_dental_practice, email_dental_practice, iban_dental_practice, chamber_of_commerce_number, invoice_date, invoice_number, total_invoice_amount, total_reimbursed_by_insurance_company_amount, total_invoice_amount_to_pay_by_patient) VALUES (1014, 'Haaientanden B.V.', '1234AB', 22, '1724654985', 'info@haaientanden.nl', 'NL68ABNA0390075470', '1235467', '2022-10-26', 1000014, 101.01, 101.01, 0.00);
INSERT INTO invoices (id, name_dental_practice, zip_code_dental_practice, house_number_dental_practice, phone_number_dental_practice, email_dental_practice, iban_dental_practice, chamber_of_commerce_number, invoice_date, invoice_number, total_invoice_amount, total_reimbursed_by_insurance_company_amount, total_invoice_amount_to_pay_by_patient) VALUES (1015, 'Haaientanden B.V.', '1234AB', 22, '1724654985', 'info@haaientanden.nl', 'NL68ABNA0390075470', '1235467', '2022-10-26', 1000015, 335.65, 268.52, 67.13);
INSERT INTO invoices (id, name_dental_practice, zip_code_dental_practice, house_number_dental_practice, phone_number_dental_practice, email_dental_practice, iban_dental_practice, chamber_of_commerce_number, invoice_date, invoice_number, total_invoice_amount, total_reimbursed_by_insurance_company_amount, total_invoice_amount_to_pay_by_patient) VALUES (1016, 'Haaientanden B.V.', '1234AB', 22, '1724654985', 'info@haaientanden.nl', 'NL68ABNA0390075470', '1235467', '2022-10-26', 1000016, 188.66, 188.66, 0.00);

INSERT INTO appointment_treatment (appointment_id, treatment_id) VALUES (1019, 1001);
INSERT INTO appointment_treatment (appointment_id, treatment_id) VALUES (1019, 1011);
INSERT INTO appointment_treatment (appointment_id, treatment_id) VALUES (1019, 1033);
INSERT INTO appointment_treatment (appointment_id, treatment_id) VALUES (1020, 1039);
INSERT INTO appointment_treatment (appointment_id, treatment_id) VALUES (1020, 1042);
INSERT INTO appointment_treatment (appointment_id, treatment_id) VALUES (1021, 1008);
INSERT INTO appointment_treatment (appointment_id, treatment_id) VALUES (1021, 1015);
INSERT INTO appointment_treatment (appointment_id, treatment_id) VALUES (1021, 1002);
INSERT INTO appointment_treatment (appointment_id, treatment_id) VALUES (1021, 1004);
INSERT INTO appointment_treatment (appointment_id, treatment_id) VALUES (1022, 1001);
INSERT INTO appointment_treatment (appointment_id, treatment_id) VALUES (1022, 1004);
INSERT INTO appointment_treatment (appointment_id, treatment_id) VALUES (1022, 1028);
INSERT INTO appointment_treatment (appointment_id, treatment_id) VALUES (1023, 1033);
INSERT INTO appointment_treatment (appointment_id, treatment_id) VALUES (1023, 1015);
INSERT INTO appointment_treatment (appointment_id, treatment_id) VALUES (1024, 1001);
INSERT INTO appointment_treatment (appointment_id, treatment_id) VALUES (1025, 1009);
INSERT INTO appointment_treatment (appointment_id, treatment_id) VALUES (1025, 1024);
INSERT INTO appointment_treatment (appointment_id, treatment_id) VALUES (1026, 1026);
INSERT INTO appointment_treatment (appointment_id, treatment_id) VALUES (1026, 1009);
INSERT INTO appointment_treatment (appointment_id, treatment_id) VALUES (1026, 1014);
INSERT INTO appointment_treatment (appointment_id, treatment_id) VALUES (1027, 1040);
INSERT INTO appointment_treatment (appointment_id, treatment_id) VALUES (1027, 1030);
INSERT INTO appointment_treatment (appointment_id, treatment_id) VALUES (1027, 1004);
INSERT INTO appointment_treatment (appointment_id, treatment_id) VALUES (1027, 1005);
INSERT INTO appointment_treatment (appointment_id, treatment_id) VALUES (1028, 1013);
INSERT INTO appointment_treatment (appointment_id, treatment_id) VALUES (1028, 1026);
INSERT INTO appointment_treatment (appointment_id, treatment_id) VALUES (1029, 1029);
INSERT INTO appointment_treatment (appointment_id, treatment_id) VALUES (1029, 1005);
INSERT INTO appointment_treatment (appointment_id, treatment_id) VALUES (1029, 1032);
INSERT INTO appointment_treatment (appointment_id, treatment_id) VALUES (1029, 1014);
INSERT INTO appointment_treatment (appointment_id, treatment_id) VALUES (1030, 1019);
INSERT INTO appointment_treatment (appointment_id, treatment_id) VALUES (1031, 1007);
INSERT INTO appointment_treatment (appointment_id, treatment_id) VALUES (1031, 1001);
INSERT INTO appointment_treatment (appointment_id, treatment_id) VALUES (1032, 1024);
INSERT INTO appointment_treatment (appointment_id, treatment_id) VALUES (1032, 1033);
INSERT INTO appointment_treatment (appointment_id, treatment_id) VALUES (1032, 1003);
INSERT INTO appointment_treatment (appointment_id, treatment_id) VALUES (1033, 1010);
INSERT INTO appointment_treatment (appointment_id, treatment_id) VALUES (1034, 1043);
INSERT INTO appointment_treatment (appointment_id, treatment_id) VALUES (1034, 1041);





